country,continent,1616,1666,1685,1710,1716,1735,1760,1766,1775,1780,1785,1791,1800,1810,1815,1825,1835,1840,1845,1855,1860,1865,1866,1870,1875,1879,1880,1885,1887,1890,1895,1897,1900,1901,1903,1905,1906,1907,1910,1911,1915,1920,1921,1925,1928,1930,1931,1935,1937,1939,1940,1941,1942,1943,1944,1945,1946,1947,1948,1949,1950,1951,1952,1953,1954,1955,1956,1957,1958,1959,1960,1961,1962,1963,1964,1965,1966,1967,1968,1969,1970,1971,1972,1973,1974,1975,1976,1977,1978,1979,1980,1981,1982,1983,1984,1985,1986,1987,1988,1989,1990,1991,1992,1993,1994,1995,1996,1997,1998,1999,2000,2001,2002,2003,2004,2005
Afghanistan,Asia,,,,,,,,,,,,,,,,,,,,,,,,,,,,,,,,,,,,,,,,,,,,,,,,,,,,,,,,,,,,,,,,,,,,,,,,,,,,,,,,,,,,,,,,,,17.83968322,,,,,,,,,,,,,,,,,,,,,,,,,,17.83968322
Albania,Europe,,,,,,,,,,,,,,,,,,,,,,,,,,,,,,,,,,,,,,,,,,,,,,,,,,,,,,,,,21.52,,,,,,,,,21,,,,,,,,,,,,,,,21.5,,,,,,,,,,,,,,,,,,,22.47,,,,,,,,,,,,,,,,23.32650948
Algeria,Africa,,,,,,,,,,,,,,,,,,,,,,,,,,,,,,,,,,,,,,,,,,,,,,,,,,,,,,,,,,,20,,,,,,19.6,,,,,,,,,,,,18,,,,19.3,,,,,,,20.9,,,,,,,,,,23.8,,,,,25.5,,,,,,27.6,,,,,,,29.6
Angola,Africa,,,,,,,,,,,,,,,,,,,,,,,,,,,,,,,,,,,,,,,,,,,,,,,,,,,,,,,,,,,,,,,,,,,,,,,,,,,,,,,,,19.38656795,,,,,,,,,,,,,,,,,,,,,,,,,,,,,,,,,,,
Argentina,America,,,,,,,,,,,,,,,,,,,,,,,,,,,,,,,,,,,,,,,,,,,,,,,,,,,,,,,,,,,,,,,,,,,,,,,,,,,,,,,,,23.10861869,,,,,,,,,,,,,,,,,,,,,,,,,,,,,,,,,,,23.26396179
Armenia,Asia,,,,,,,,,,,,,,,,,,,,,,,,,,,,,,,,17,,,,,,,,,,,,,,,,,,,,,,,,,,,,,,,,,,,,,,,,,,,,,,,,,,,,,,,,,,,,,,,,,,,,,,,,,,,,,,,,,,,,22.98603439
Australia,Oceania,,,,,,,,,,,,,,,,,,,,,,,,,,,,,,,,,,,,,,,,,24.5,24.4,,24.5,,24.501,,24.5,,,24.2,,,,,23.3,,,,,22.6,,,,,22.1,,,,,21.6,,,,,21.2,,,,,21.1,,,,,,,,,,,,,,,,,,,,,,,,,,,,,,,,,,,28.93125534
Austria,Europe,,,,,,,,,,,,,,,,,,,,,,,,,,,,,,,,,,,,,,,,,,,,,,,,,,,,,,,,,,25.9,,,25.3,,,,,,,,,,24.01,,,,,,,,,,22.88,,,,,,,,,,23.15,,,,,,,,,,24.9,,,,,,,,,,,,,,,28.93756866
Azerbaijan,Asia,,,,,,,,,,,,,,,,,,,,,,,,,,,,,,,,16.2,,,,,,,,,,,,,,,,,,,,,,,,,,,,,,,,,,,,,,,,,,,,,,,,,,,,,,,,,,,,,,,,,,,,,,,,,,,,,,,,,,,,23.88630676
Bahamas,America,,,,,,,,,,,,,,,,,,,,,,,,,,,,,,,,,,,,,,,,,,,,,,,,,,,,,,,,,,,,,,,,,,,,,,,,,,,,,,,,,22.44608092,,,,,,,,,,,,,,,,,,,,,,,,,,,,,,,,,,,27.19277191
Bahrain,Asia,,,,,,,,,,,,,,,,,,,,,,,,,,,,,,,,,,,,,,,,,,,,,,,,,,,,,,,,,,,,,,,,,,,,,,,,,,,,,,,,,,,,,,,,,,,,,,,,,,,,,,,,,,,,,,,,,,,,25.90460396
Bangladesh,Asia,,,,,,,,,,,,,,,12.6,,,,,,,,,,,,,,,,,,,,,,,,,,,,,,,,12.6,,,,,13.7,,,,,,,,,,14.4,,,,,,,,,,13.9,,,,14.8,,,,,,,,,16.6,16.4,,,,,16.4,,17.7,,,,,,,,,,,,,,,,,,,,,,,18.66999817
Barbados,America,,,,,,,,,,,,,,,,,,,,,,,,,,,,,,,,,,,,,,,,,,,,,,,,,,,,,,,,,,,,,,,,,,,,,,,,,,,,,,,,,28.51708075,,,,,,,,,,,,,,,,,,,,,,,,,,,,,,,,,,,31.7680397
Belarus,Europe,,,,,,,,,,,,,,,,,,,,,,,,,,,,,,,,22.7,,,,,,,,,,,,,,,,,,,,,,,,,,,,,,,,,,,,,,,,,,,,,,,,,,,,,,,,,,,,,,,,,,,,,,,,,,,,,,,,,,,,22.77720261
Belgium,Europe,,,,,,,,,,24.9,,,,,,,,,,,,,,,,,,,,,,,,,,,,,,,,,,,,,,,,,,,,,,,,,,,,,,,23.32,,,,,,22.84,,,,,,,,,,22.35,,,,,,,,,,22.24,,,,,,,,,23.61,,,,,,,,,,,,,,,,30.34197617
Belize,America,,,,,,,,,,,,,,,,,,,,,,,,,,,,,,,,,,,,,,,,,,,,,,,,,,,,,,,,,,,,,,,,,,,,,,,,,,,,,,,,,22.61783901,,,,,,,,,,,,,,,,,,,,,,,,,,,,,,,,,,,26.17763329
Benin,Africa,,,,,,,,,,,,,,,,,,,,,,,,,,,,,,,,,,,,,,,,,,,,,,,,,,,,,,,,,,,,,,,,,,,,,,,,,,,,,,,,,,,,,,,,,,17.70918367,,,,,,,,,,,,,,,,,,,,,,,,,,20.33333206
Bhutan,Asia,,,,,,,,,,,,,,,,,,,,,,,,,,,,,,,,,,,,,,,,,,,,,,,,,,,,,,,,,,,,,,,,,,,,,,,,,,,,,,,,,,,,,,,,,,,,,,,,,,,,,,,,,,,,,,,,,,,,20.08592987
Bolivia,America,,,,,,,,,,,,,,,,,,,,,,,,,,,,,,,,,,,,,,,,,,,,,,,,,,,,,,,,,,,,,,,,,,,,,,,,,,,,,,,,,,,,,,,22.12855108,,,,,,,,,,,,,,,,,,,,,,,,,,,,,22.59545898
Botswana,Africa,,,,,,,,,,,,,,,,,,,,,,,,,,,,,,,,,,,,,,,,,,,,,,,,,,,,,,,,,,,,,,,,,,,,,,,,,,,,,,,,,,24.93084036,,,,,,,,,,,,,,,,,,,,,,,,,,,,,,,,,,27.11158562
Brazil,America,,,,,,,,,,,,,,,,,,,,,,,,,,,,,,,,,,,,,,,,,,,,,,,,,,,,,,,,,,,,,,,,,,,,,,,,,,,,,,,,,22.96276854,,,,,,,,,,,,,,,,,,,,,,,,,,,,,,,,,,,23.09729576
Brunei,Asia,,,,,,,,,,,,,,,,,,,,,,,,,,,,,,,,,,,,,,,,,,,,,,,,,,,,,,,,20,,,,,,,,,,,,,,,19.7,,,,,,,,,,,22.3957251,,,,,,,,,,,,,,,,,,,,,,,,,,,,,,,,,,25.14610291
Bulgaria,Europe,,,,,,,,,,,,,,,,,,,,,,,,,,,,,,,,,,,,,,,,,,,,,,,,,,,,,,,,,,,,,,,,,,,,,,,21.32,,,,,,,,,,21.44,,,,,,,,,,,,,,,,,,,21.31,,,,,,,,,,,,,,,,24.15979195
Burkina Faso,Africa,,,,,,,,,,,,,,,,,,,,,,,,,,,,,,,,,,,,,,,,,,,,,,,,,,,,,,,,,,,,,,,,,,,,,,,,,,,,,,,,,,,,,,17.41085607,,,,,,,,,,,,,,,,,,,,,,,,,,,,,,19.3993969
Burundi,Africa,,,,,,,,,,,,,,,,,,,,,,,,,,,,,,,,,,,,,,,,,,,,,,,,,,,,,,,,,,,,,,,,,,,,,,,,,,,,,,,,,,21.7,,,,,,,,,,,,,,,,,,,,,,,,,,,,,,,,,,22.46302795
Cambodia,Asia,,,,,,,,,,,,,,,,,,,,,,,,,,,,,,,,,,,,,,,,,,,,,,,,,,,,,,,,,,,,,,,,,,,,,,,,,21.26777264,,,,,,,,,,,,,,,,,,,,,,,,,,,,,,,,,,,,,,,,,,,22.30000114
Cameroon,Africa,,,,,,,,,,,,,,,,,,,,,,,,,,,,,,,,,,,,,,,,,,,,,,,,,,,,,,,,,,,,,,,,,,,,,,,,,,,,,,,,,,,,,,,18.80320044,,,,,,,,,,,,,,,,,,,,,,,,,,,,,20.1510601
Canada,America,,,,,,,,,,,,,,,,,,,,,,,,,,,,,,,,,,,,,,,,,23.1,23,,23.2,,23.8,,24.1,,,23.9,,,,,23.3,,,,,22.5,,,,,22.2,,,,,21.8,,,,,21.5,,,,,21.7,,,,,,,,,,,,,,,,,,,,,,,,,,,,,,,,,,,26.75705528
Cape Verde,Africa,,,,,,,,,,,,,,,,,,,,,,,,,,,,,,,,,,,,,,,,,,,,,,,,,,,,,,,,,,,,,,,,,,,,,,,,,,,,,,,,,,,,,,,,,,,23.60819365,,,,,,,,,,,,,,,,,,,,,,,,,25.68690109
Central African rep.,Africa,,,,,,,,,,,,,,,,,,,,,,,,,,,,,,,,,,,,,,,,,,,,,,,,,,,,,,,,,,,,,,,,,,,,,,,,,,,,,,,,,,,,,,18.37266875,,,,,,,,,,,,,,,,,,,,,,,,,,,,,,19.40876579
Chad,Africa,,,,,,,,,,,,,,,,,,,,,,,,,,,,,,,,,,,,,,,,,,,,,,,,,,,,,,,,,,,,,,,,,,,,,,,,,,,16.46291405,,,,,,,,,,,,,,,,,,,,,,,,,,,,,,,,,,,,,,,,,18.34000015
Chile,America,,,,,,,,,,,,,,,,,,,,,,,,,,,,,,,,,,,,,,,,,,,,,,,,,,,,,,,,,,,,,,,,,,,,,,,,,,,,,,,,,23.42466776,,,,,,,,,,,,,,,,,,,,,,,,,,,,,,,,,,,23.37175751
China,Asia,,,,,,,,,,,,,19,,,,,,,,,,,,,,,,,,,,,,,,,,,,,,,,,17.65,,,,,18.21,18.21,18.34,18.41,18.46,18.6,18.69,18.53,18.59,18.57,18.68,,,,,19.07,,,,,19.57,,,,,19.74,,,,,20.19,,,,,21.74,,,,23.12,,22.82,22.62,,,,,,,,,,,,,,,,,,,,,,,23.31162262
Colombia,America,,,,,,,,,,,,,,,,,,,,,,,,,,,,,,,,,,,,,,,,,,,,,,,,,,,,,,,,,,,,,,,,,,,,,,,,,,,,,,,,,,,,22.49197421,,,,,,,,,,,,,,,,,,,,,,,,,,,,,,,,23.00436401
Comoros,Africa,,,,,,,,,,,,,,,,,,,,,,,,,,,,,,,,,,,,,,,,,,,,,,,,,,,,,,,,,,,,,,,,,,,,,,,,,,,,,,,,,,,,,,,,,,,19.76864075,,,,,,,,,,,,,,,,,,,,,,,,,23.61499977
"Congo, Dem. Rep.",Africa,,,,,,,,,,,,,,,,,,,,,,,,,,,,,,,,,,,,,,,,,,,,,,,,,,,,,,,,,,,,,,,,,,,,,,,,,,,,,,,,,20.02353804,,,,,,,,,,,,,,20.02353804,,,,,,,,,,,,,,,,,,,,,
"Congo, Rep.",Africa,,,,,,,,,,,,,,,,,,,,,,,,,,,,,,,,,,,,,,,,,,,,,,,,,,,,,,,,,,,,,,,,,,,,,,,,,,,,,,,,,22.57260234,,,,,,,,,,,,,,22.57260234,,,,,,,,,,,,,,,,,,,,,
Costa Rica,America,,,,,,,,,,,,,,,,,,,,,,,,,,,,,,,,,,,,,,,,,,,,,,,,,,,,,,,,,,,,,,,,,,,,,,,,,,,,,,,,,,,,21.72644929,,,,,,,,,,,,,,,,,,,,,,,,,,,,,,,,23.39002419
Cote d'Ivoire,Africa,,,,,,,,,,,,,,,,,,,,,,,,,,,,,,,,,,,,,,,,,,,,,,,,,,,,,,,,,,,,,,,,,,,,,,,,,,,,,,,,,18.72386799,,,,,,,,18.72386799,,,,,,,,,,,,,,,,,,,,,22.00292991,,,,,,22.00292991
Croatia,Europe,,,,,,,,,,,,,,,,,,,,,,,,,,,,,,,,,,,,,,,,,,,,,,,,,,,,,,,,,,,,,,,,,,,,,,,,,,,,,,,,,,,,,,,,,,,,,,,,,,,,,,,,,,,,,,,,,,,,26.23072433
Cuba,America,,,,,,,,,,,,,,,,,,,,,,,,,,,,,,,,,,,,,,,,,,,,,,,,,,,,,,,,,,,,,,,,,,,,,,,,,,,,,,,,,19.47841521,,,,,,,,,,,,,,,22.16520651,,,,,,,,,,,,,,,,,,,,
Cyprus,Europe,,,,,,,,,,,,,,,,,,,,,,,,,,,,,,,,,,,,,,,,,,,,,,,,,,,,,,,,,,,,,,,,,,,,,,,,,,,,,,,,,,,,24.18047197,,,,,,,,,,,,,,,,,,,,,,,,,,,,,,,,25.21969414
Czech rep.,Europe,,,,,,,,,,,,,,,,,,,,,,,,,,,,,,,,,,,,,,,,,,,,,,,,,,,,,,,,24.38,,,,,,,,,,,,,,,21.98,,,,,,,,,,21.72,,,,,,,,,,,,,,,,,,,21.79,,,,,,,,,,,,,,,,27.62324715
Denmark,Europe,,,,,,,,,,27,,,,,,,,,,,,,,,,,,,,,,,,,,,,,,,,,,,,,,,,,,,,,,,,,,,,,,,,23.09,,,,,,,,,,,,,,,22.75,,,,,,,23.75,,,,,,,,26.23,,,,26.94,,,,,,,,,,,,,,,,30.8473587
Dominican rep.,America,,,,,,,,,,,,,,,,,,,,,,,,,,,,,,,,,,,,,,,,,,,,,,,,,,,,,,,,,,,,,,,,,,,,,,,,,,,,,,,,,19.57931366,,,,,,,,,,,,,,,,,,,,,,,,,,,,,,,,,,,21.47467804
Ecuador,America,,,,,,,,,,,,,,,,,,,,,,,,,,,,,,,,,,,,,,,,,,,,,,,,,,,,,,,,,,,,,,,,,,,,,,,,,,,,,,,,,,,,,21.24132282,,,,,,,,,,,,,,,,,,,,,,,,,,,,,,,21.55466843
Egypt,Africa,,,,,,,,,,,,,17.5,,,,,,,,,,,,,,,,,,,,,,,,,,,,,,,,,,,,18.5,,,,,,,,,,,,,,,,,,,,,,19,,,,,,,,,,,,,,,,21.38652743,,,,,,,,,,,,,,,,,,,,,,,,22.70558548,,,,,23.63006955
El Salvador,America,,,,,,,,,,,,,,,,,,,,,,,,,,,,,,,,,,,,,,,,,,,,,,,,,,,,,,,,,,,,,,,,,,,,,,,,,,,,,,,,,,19.04285235,,,,,,,,,,,,,,,,,,,,,,,,,,,,,,,,,,22.28621101
Equatorial Guinea,Africa,,,,,,,,,,,,,,,,,,,,,,,,,,,,,,,,,,,,,,,,,,,,,,,,,,,,,,,,,,,,,,,,,,,,,,,,,,,,,,,,,21.69149968,,,,,,,,,,,,,21.69149968,,,,,,,,,,,,,,,,,,,,,,
Eritrea,Africa,,,,,,,,,,,,,,,,,,,,,,,,,,,,,,,,,,,,,,,,,,,,,,,,,,,,,,,,,,,,,,,,,,,,,,,,,,,,,,,,,,,,,,,,,,,,,,,,,,,,,,,,,,,,,,,,,,,,20.55499649
Estonia,Europe,,,,,,,,,,,,,,,,,,,,,,,,,,,,,,,,26.8,,,,,,,,,,,,,,,,,,,,,,,,,,,,,,,,,,,,,,,,,,,,,,,,,,,,,,,,,,,,,,,,,,,,,,,,,,,,,,,,,,,,27.58296585
Ethiopia,Africa,,,,,,,,,,,,,,,,,,,,,,,,,,,,,,,,,,,,,,,,,,,,,,,,,,,,,,,,,,,,,,,,,,,,,,,,,,,,,,,,,,,,,,,,,,,,,,,17.1,,,,,,,,,,,,,,,,,,,,,20.5055027
Fiji,Oceania,,,,,,,,,,,,,,,,,,,,,,,,,,,,,,,,,,,,,,,,,,,,,,,,,,,,,,,,,,,,,,,,,,,,,,,,,,,,,,,,,,,,,,,21.73314302,,,,,,,,,,,,,,,,,,,,,,,,,,,,,22.89528847
Finland,Europe,,,,,,,,,24,,,,,,,,,,,,,,,,,,25,,,,,,,,,,,,,,,,,,,,,,,,,,,,,,,,,,,,,,,24.03,,,,,,,,,,,,,,,,,,,,23.5,,,,,,,,,,,,,,25.76,,,,,,,,,,,,,,,,30.53718948
France,Europe,,,,,,,,,,25.3,,,,,,,,,,,,,,,,,,,,,,,,,,,,,,,,,,,,,,,,,,,,,,24.56,24.23,,23.77,,23.32,,,,,,,,,,,,,,,,,,,,22.61,,,,,,,,,,22.97,,,,,,,,,,25.52,,,,,,,,,,,,,,,30.96426582
French Guiana,America,,,,,,,,,,,,,,,,,,,,,,,,,,,,,,,,,,,,,,,,,,,,,,,,,,,,,,,,,,,,,,,,,,,,,,,,,,,,,,24.43156842,,,,,,,,,,,,,,,,,,,,,,,,,,,,,,,,,,,,,,31.69898033
French Polynesia,Oceania,,,,,,,,,,,,,,,,,,,,,,,,,,,,,,,,,,,,,,,,,,,,,,,,,,,,,,,,,,,,,,,,,,,,,,,,,,,,,,,,,,,,,,,,25.83075973,,,,,,,,,,,,,,,,,,,,,,,,,,,,29.86706924
Gabon,Africa,,,,,,,,,,,,,,,,,,,,,,,,,,,,,,,,,,,,,,,,,,,,,,,,,,,,,,,,,,,,,,,,,,,,,,,,17.66086096,,,,,,,,,,,,,,,,,,,,,,,,,,,,,,,,,,,,,,,,,,,,22.10285187
Gambia,Africa,,,,,,,,,,,,,,,,,,,,,,,,,,,,,,,,,,,,,,,,,,,,,,,,,,,,,,,,,,,,,,,,,,,,,,,,,,,,,,,,,,,,,,,,,,,,,,,,,,,,,,,,,,,,,,,,,,,,19.64669609
Georgia,Asia,,,,,,,,,,,,,,,,,,,,,,,,,,,,,,,,19.6,,,,,,,,,,,,,,,,,,,,,,,,,,,,,,,,,,,,,,,,,,,,,,,,,,,,,,,,,,23.17021277,,,,,,,,,,,,,,,,,,,,,,,,,,22.46738815
Germany,Europe,,,,,,,,,,,,,26.83753805,,,,,,,,,,,,,,,,,,,,,,,,,,,,,,,,,,,,,,,,,,,,,,,,,,,,23.925,,,,,,,,,,,,,,,,,,,,,22.115,,,,,,,,,,,,,24.31,,,,,,,,,,,,,,,,,30.12885094
Ghana,Africa,,,,,,,,,,,,,,,,,,,,,,,,,,,,,,,,,,,,,,,,,,,,,,,,,,,,,,,,,,,,,,,,,,,,,,,,,,,,,,,,,,19.40703518,,,,,,,,,,,,,,,,,,,,,,,,,,,,,,,,,,22.44979858
Greece,Europe,,,,,,,,,,,,,,,,,,,,,,,,,,,,,,,,,,,,,,22.2,,,,25,,,24,,,,,,,,,,,,,,,,,25.9,,,,,,,,,,25.5,,,,,,,,,,,,,,,,,,,,22.4588437,,,,,,,,,,24.6,,,,,,,,,,,,,,26.94385338
Guadeloupe,America,,,,,,,,,,,,,,,,,,,,,,,,,,,,,,,,,,,,,,,,,,,,,,,,,,,,,,,,,,,,,,,,,,,,,,,,,,,,,,25.44701229,,,,,,,,,,,,,,,,,,,,,,,,,,,,,,,,,,,,,,31.57427979
Guam,Oceania,,,,,,,,,,,,,,,,,,,,,,,,,,,,,,,,,,,,,,,,,,,,,,,,,,,,,,,,,,,,,,,,,,,,,,,,,,,,,,,,,,,,,,,,,,,22.17365839,,,,,,,,,,,,,,,,,,,,,,,,,24.36248398
Guatemala,America,,,,,,,,,,,,,,,,,,,,,,,,,,,,,,,,,,,,,,,,,,,,,,,,,,,,,,,,,,,,,,,,,,,,,,,,,,,,,,,,,,,,19.71949118,,,,,,,,,,,,,,,,,,,,,,,,,,,,,,,,20.45073509
Guinea,Africa,,,,,,,,,,,,,,,,,,,,,,,,,,,,,,,,,,,,,,,,,,,,,,,,,,,,,,,,,,,,,,,,,,,,,,,,,,,,,,,,,,,,,,,,,,,,,,,,,,,,,,,,,,,,,,,,,,,,18.71999931
Guyana,America,,,,,,,,,,,,,,,,,,,,,,,,,,,,,,,,,,,,,,,,,,,,,,,,,,,,,,,,,,,,,,,,,,,,,,,,,,,,,,,,,21.51391542,,,,,,,,,,,,,,,,,,,,,,,,,,,,,,,,,,,27.79589272
Haiti,America,,,,,,,,,,,,,,,,,,,,,,,,,,,,,,,,,,,,,,,,,,,,,,,,,,,,,,,,,,,,,,,,,,,,,,,,,,,,,,,,,,22.41171524,,,,,,,,,,,,,,,,,,,,,,,,,,,,,,,,,,22.27551079
Honduras,America,,,,,,,,,,,,,,,,,,,,,,,,,,,,,,,,,,,,,,,,,,,,,,,,,,,,,,,,,,,,,,,,,,,,,,,,,,,,,,,,,,,,,19.99729446,,,,,,,,,,,,,,,,,,,,,,,,,,,,,,,20.35041809
"Hong Kong, China",Asia,,,,,,,,,,,,,,,,,,,,,,,,,,,,,,,,,,,,,,,,,,,,,,20.7,,,,,,,,,,,,,,,,,,,,,,,,,21.9,,,,,22.5,,,,,,23.79598533,,,,,,,,,,,,,,,,,,,,,,,,,,,,,,,,,,28.61780357
Hungary,Europe,,,,,,,,,,,,,,,,,,,,,,,,,,,,,,,,,,,,,,,,,,,,,,,,,,,,,,,,,,23.32,,,,,,,,,,,,,21.99,,,,,,,,,,,,,,,21.11,,,,,,,,,,,,,,21.82,,,,,,,,,,,,,,,,27.85076332
Iceland,Europe,,,,,,,,,,,,,,,,,,,,,,,,,,,,,,28,,,,,,,,,,,,,,,,,,,,,,,,,,,,,,,,,,,,,,,,,,,,,,,,,,,,,,,21.91657272,,,,,,,,,,,,,,,,,,,,,,,,,,,,,,,27.51238251
India,Asia,,,,,,,,,,,,,,,13.04,,,,,,,,,,,,,,,,,,,,,13.04,,,,,13.52,,,12.5,,,,14.39,,,,,,,,15.38,,,,,,,,,,15.43,,,,,,,,,,17.1,,,,,,,,,,18.39,,,,,,,,,,,,,,,,,,,,,,,,,,,,,,19.93957901
Indonesia,Asia,,,,,,,,,,,,,,,,,,,,,,,,,,,,,,,,,,,,,,,,,,,,,,,,,,,,,,,,,,,,,,,,,,,,,,,18.6,,,,,,,,,,,19.282682,,,,,,,,,,,,,,,,,,,21.6,,,,,,,,,,,,,,,22.11224365
Iran,Asia,,,,,,,,,,,,,,,,,,,,,,,,,,,,,,,,,,,,,,,,,,,,,,,,,,,,,,,,,,,,,,,,,,,,,,,,,,,,,18.4,,,,,,,,,,19.7,,,,,,,,,,19.9,,,,,21,,,,,22,,,,,,,,,22.14466476
Iraq,Asia,,,,,,,,,,,,,,,,,,,,,,,,,,,,,,,,,,,,,,,,,,,,,,,,,,,,,,,,,,,,,,,,,,,,,,,,,,,,,,,,,,,,,,,,20.84674235,,,,,,,,,,,,,,,,,,,,,,,,,,,,24.8413105
Ireland,Europe,,,,,,,,,,,,,,,,,,,,,,,,,,,,,,,,,,,,,,,,,,,,,,,,,,,,,,,,,,,,,,,,,,,,,,,,,,,,,,,,,,23.53282072,,,,,,,,,,,,,,,,,,,,,,,,,,,,,,,,,,30.71268082
Israel,Asia,,,,,,,,,,,,,,,,,,,,,,,,,,,,,,,,,,,,,,,,,,,,,,,,,,,,,,,,,,,,,,,,,,,,,,,,,,,,,,,,,,,22.7955374,,,,,,,,,,,,,,,,,,,,,,,,,,,,,,,,,25.87360382
Italy,Europe,,,,,,,,,,,,,,,,,,,,,,,,,,,,,,,,,,,,,,,,,,,,,,,,,,,,,,,,,,,,,,,25.08,,,,,,,,,,,,,,,,,,23.94,,,,,,,,,,,,,,,,,,,,,,,,,,,,,,,,,,,29.16757965
Jamaica,America,,,,,,,,,,,,,,,,,,,,,,,,,,,,,,,,,,,,,,,,,,,,,,,,,,,,,,,,,,,,,,,,,,,,,,,,,,,,,,,,,21.05557146,,,,,,,,,,,,,,,,,,,,,,,,,,,,,,,,,,,33.20291901
Japan,Asia,,,17.925,16.95,,18.185,18.25,,,,19.03,,21.11,20.2,,,,,,,20.785,,,,,20.6,,,,,,,,,,,,,,,,21.1,,,,21.8,,,,,23.3,,,,,,,,,,23.6,,,,,24.7,,,,,25,,,,,24.8,,,,,24.65392829,,,,,24.4,,,,,,,,,,,,,,,26.7,,,,,,,,,,,,,,,28.57218933
Jordan,Asia,,,,,,,,,,,,,,,,,,,,,,,,,,,,,,,,,,,,,,,,,,,,,,,,,,,,,,,,,,,,,,,,,,,,,,,,,,,,,,,,,,,,,,21.5,,,,,,,,,,,,,,,,,,,,,,,,,,,,,,25.86478233
Kazakhstan,Asia,,,,,,,,,,,,,,,,,,,,,,,,,,,,,,,,18.2,,,,,,,,,,,,,,,,,,,,,,,,,,,,,,,,,,,,,,,,,,,,,,,,,,,,,,,,,,,,,,,,,,,,,,,,,,,,,,,,,,,,23.35925102
Kenya,Africa,,,,,,,,,,,,,,,,,,,,,,,,,,,,,,,,,,,,,,,,,,,,,,,,,,,,,,,,,,,,,,,,,,,,,,,,,,,,,,,,19.20387618,,,,,,,,,,,,,,,,,,,,,,,,,,,,,,,,,,,,21.4477787
"Korea, Rep.",Asia,,,,,,,,,,,,,,,,,,,,,,,,,,,,,,,,,,,,,,,,,,,,16.5,,16.7,,,,,,,,,,,,,,,,,,,,,,,,,21.7,,,,,,,,,,23.27829376,,,,,,,,,,,,,,,,,,,,,,,,,,,,,,,,,,,27.0689621
Kuwait,Asia,,,,,,,,,,,,,,,,,,,,,,,,,,,,,,,,,,,,,,,,,,,,,,,,,,,,,,,,,,,,,,,,,,,,,,,,,,,,,,,,,19.55321259,,,,,,,,,,,,,,,,,,,,,,,,,,,,,,,,,,,25.06534195
Kyrgyzstan,Asia,,,,,,,,,,,,,,,,,,,,,,,,,,,,,,,,,,,,,,,,,,,,,,,,,,,,,,,,,,,,,,,,,,,,,,,,,,,,,,,,,,,,,,,,,,,,,,,,,,,,,,,,,,,,,,,,,,,,21.8441143
Latvia,Europe,,,,,,,,,,,,,,,,,,,,,,,,,,,,,,,,25.7,,,,,,,,,,,,,,,,,,,,,,,,,,,,,,,,,,,,,,,,,,,,,,,,,,,,,,,,,,,,,,,,,,,,,,,,,,,,,,,,,,,,28.15731812
Lebanon,Asia,,,,,,,,,,,,,,,,,,,,,,,,,,,,,,,,,,,,,,,,,,,,,,,,,,,,,,,,,,,,,,,,,,,,,,,,,,,,,,,,,23.17545748,,,,,,,,,,,,,,,,,,,,,,,,,,,,,,,,,,,
Lesotho,Africa,,,,,,,,,,,,,,,,,,,,,,,,,,,,,,,,,,,,,,,,,,,,,,,,,,,,,,,,,,,,,,,,,,,,,,,,,,,,,,,,,,,,,,,20.07010791,,,,,,,,,,,,,,,,,,,,,,,,,,,,,21.30995369
Liberia,Africa,,,,,,,,,,,,,,,,,,,,,,,,,,,,,,,,,,,,,,,,,,,,,,,,,,,,,,,,,,,,,,,,,,,,,,,,,,,,,,,,,18.73006645,,,,,,,,,,,,,,,,,,,,,,,,,,,,,,,,,,,20.16080284
Libya,Africa,,,,,,,,,,,,,,,,,,,,,,,,,,,,,,,,,,,,,,,,,,,,,,,,,,,,,,,,,,,,,,,,,,,,,,,,,,,,,,,,,,,,18.73098655,,,,,,,,,,,,,,,,,,,,,,,,,,,,,,,,29.19110107
Lithuania,Europe,,,,,,,,,,,,,,,,,,,,,,,,,,,,,,,,24.7,,,,,,,,,,,,,,,,,,,,,,,,,,,,,,,,,,,,,,,,,,,,,,,,,,,,,,,,,,,,,,,,,,,,,,,,,,,,,,,,,,,,26.13404846
Luxembourg,Europe,,,,,,,,,,,,,,,,,,,,,,,,,,,,,,,,,,,,,,,,,,,,,,,,,,,,,,,,,,,,,,,,,,,,,,,,,,,,,,,,,21.40415515,,,,,,,,,,,,,,,,,,,,,,,,,,,,,,,,,,,27.83593941
"macao, China",Asia,,,,,,,,,,,,,,,,,,,,,,,,,,,,,,,,,,,,,,,,,,,,,,,,,,,,,,,,,,,,,,,,,,,,,,,24.1,,,,,,,,,,25.62396864,,,,,,,,,,,,,,,,,,,,,,,,,,,,,,,,,,,26.3622303
"Macedonia, FYR",Europe,,,,,,,,,,,,,,,,,,,,,,,,,,,,,,,,,,,,,,,,,,,,,,,,,,,,,,,,,,,,,,,,,,,,,,,,,,,,,,,,,,,,,,,,,,,,,,,,,,,,,,,,,,,,,,,,,,,,22.8783989
Madagascar,Africa,,,,,,,,,,,,,,,,,,,,,,,,,,,,,,,,,,,,,,,,,,,,,,,,,,,,,,,,,,,,,,,,,,,,,,,,,,,,,,,,,,,,,,20.28412733,,,,,,,,,,,,,,,,,,,,,,,,,,,,,,19.84911537
Malawi,Africa,,,,,,,,,,,,,,,,,,,,,,,,,,,,,,,,,,,,,,,,,,,,,,,,,,,,,,,,,,,,,,,,,,,,,,,,,,,,,,,,,,,,,,,,17.8,,,,,,,,,,,,,,,,,,,,,,,,,,,,18.94499969
Malaysia,Asia,,,,,,,,,,,,,,,,,,,,,,,,,,,,,,,,,,,,,,,,,,,,,,,,,,,18.3,,,,,,,,,,,,,,,19.4,,,,,,,,,,,,,,,22.06217118,,,,,,,,,,,,,,,,,,,,,,,,,,,,,,,,,,,25.11786079
Maldives,Asia,,,,,,,,,,,,,,,,,,,,,,,,,,,,,,,,,,,,,,,,,,,,,,,,,,,,,,,,,,,,,,,,,,,,,,,,,,,,,,,,,,,,,,,,17.54904549,,,,,,,,,,,,,,,,,,,,,,,,,,,,21.82092667
Mali,Africa,,,,,,,,,,,,,,,,,,,,,,,,,,,,,,,,,,,,,,,,,,,,,,,,,,,,,,,,,,,,,18,,,,,,,,,,,,,,,,,,,,,,,,,,18.07239428,,,,,,,,,,,,,,,,,,,,,,,,,,,,,18.48999977
Malta,Europe,,,,,,,,,,,,,,,,,,,,,,,,,,,,,,,,,,,,,,,,,,,,,,,,,,,,,,,,,,,,,,,,,,,,,,,,,,,,,,24.00816436,,,,,,,,,,,,,,,,,,22.16520651,,,,,,,,,,,,,,,,,,,,
Martinique,America,,,,,,,,,,,,,,,,,,,,,,,,,,,,,,,,,,,,,,,,,,,,,,,,,,,,,,,,,,,,,,,,,,,,,,,,,,,,,,26.16155076,,,,,,,,,,,,,,,,,,,,,,,,,,,,,,,,,,,,,,33.26953506
Mauritania,Africa,,,,,,,,,,,,,,,,,,,,,,,,,,,,,,,,,,,,,,,,,,,,,,,,,,,,,,,,,,,,,,,,,,,,,,,,,,,,,,,,,,,,,,,,19.46510569,,,,,,,,,,,,,,,,,,,,,,,,,,,,21.77551079
Mauritius,Africa,,,,,,,,,,,,,,,,,,,,,,,,,,,,,,,,,,,,,,,,,,,,,,,,,,,,,,,,,,,,,,,,,,,,,,,,,,,,,,,,,,,22.45152579,,,,,,,,,,,,,,,,,,,,,,,,,,,,,,,,,22.55157471
Mexico,America,,,,,,,,,,,,,,,,,,,,,,,,,,,,,,,,,,,,,,,,,,,,,,,,,,,,,,,,,,,,,,,,,,,,,,,,,,,,,,,,,21.18967316,,,,,,,,,,,,,,,,,,,,,,,,,,,,,,,,,,,22.73022842
Moldova,Europe,,,,,,,,,,,,,,,,,,,,,,,,,,,,,,,,20.2,,,,,,,,,,,,,,,,,,,,,,,,,,,,,,,,,,,,,,,,,,,,,,,,,,,,,,,,,,,,,,,,,,,,,,,,,,,,,,,,,,,,20.8733387
Mongolia,Asia,,,,,,,,,,,,,,,,,,,,,,,,,,,,,,,,,,,,,,,,,,,,,,,,,,,,,,,,,,,,,,,,,,,,,,,,,,,,,,,,,,,,,,,,,,,,,,,,,,,,,,,,,,,,,,,,,,,,23.65853691
Montenegro,Europe,,,,,,,,,,,,,,,,,,,,,,,,,,,,,,,,,,,,,,,,,,,,,,,,,,,,,,,,,,,,,,,,,,,,,,,,,,,,,,,,,,,,,,,,,,,,,,,,,,,,,,,,,,,,,,,,,,,,25.93799019
Morocco,Africa,,,,,,,,,,,,,,,,,,,,,,,,,,,,,,,,,,,,,,,,,,,,,,,,,,,,,,,,,,,,,,,,,,,,,,,18,,,,,,,,,,,19.6,,,,,,,,21.6,,,22.2,,,,,23.5,,,,,,,25,,,,,,,,,26.9,,26.44129944
Mozambique,Africa,,,,,,,,,,,,,,,,,,,,,,,,,,,,,,,,,,,,,,,,,,,,,,,,,,,,,,,,,,,,,,,,,,,,,,,,,,,,,,,,,19.88039522,,,,,,,,,,,,,,,,,,,,,,,,,,,,,,,,,,,18.73860168
Myanmar,Asia,,,,,,,,,,,,,,,,,,,,,,,,,,,,,,,,,,,,,,,,,,,,,,,,,,,,,,,,,,,,,,,,,,,,,,,,,,,,,,,,,,,,21.25796178,,,,,,,,,,,,,,,,,,,,,,,,,,,,,,,,24.54446983
Namibia,Africa,,,,,,,,,,,,,,,,,,,,,,,,,,,,,,,,,,,,,,,,,,,,,,,,,,,,,,,,,,,,,,,,,,,,,,,21.75013872,,,,,,,,,,,,,,,,,,,,,,,,,,,,,,,,,,,,,,,,,,,,,27.52589226
Nepal,Asia,,,,,,,,,,,,,,,,,,,,,,,,,,,,,,,,,,,,,,,,,,,,,,,,,,,,,,,,,15.9,,,,,,,,,,,,,,15.8,,,,,,,,,,,17.45704567,,,,,,,,,,,,,,,,,,,,,,,,,,,,,,,,,,18.97565842
Netherlands,Europe,,,,,,,,,,26.5,,,,,26.461,26.566,27.1155,,26.787,27.649,,27.4735,,,26.6545,,,26.022,,,25.6495,,,,,,25.758,,,,,,,,,,,,,,,,,,,,,,26.14,,25.9,,,,,,,,,,,,,,,,,,,,24.2,,,,,,,,,,25.05,,,,,,26.27,,,,,,,,,,,,,,,,,,,30.51453972
Netherlands Antilles,America,,,,,,,,,,,,,,,,,,,,,,,,,,,,,,,,,,,,,,,,,,,,,,,,,,,,,,,,,,,,,,,,,,,,,,,,,,,,,,,,,,24.85619908,,,,,,,,,,,,,,,,,,,,,,,,,,,,,,,,,,30.22594261
New Caledonia,Oceania,,,,,,,,,,,,,,,,,,,,,,,,,,,,,,,,,,,,,,,,,,,,,,,,,,,,,,,,,,,,,,,,,,,,,,,,,,,,,,,,21.6256828,,,,,,,,,,,,,,,,,,,,,,,,,,,,,,,,,,,,30.37372017
New Zealand,Oceania,,,,,,,,,,,,,,,,,,,,,,,,,,,,,,,,,,,,,,,,,24.7,24.5,,24.4,,24.6,,24.7,,,24.4,,,,,23.8,,,,,23.3,,,,,22.3,,,,,21.8,,,,,21.5,,,,,21.4,,,,,,,,,,,,,,,,,,,,,,,,,,,,,,,,,,,30.00538063
Nicaragua,America,,,,,,,,,,,,,,,,,,,,,,,,,,,,,,,,,,,,,,,,,,,,,,,,,,,,,,,,,,,,,,,,,,,,,,,,,,,,,,,,,,20.21974791,,,,,,,,,,,,,,,,,,,,,,,,,,,,,,,,,,20.44891739
Niger,Africa,,,,,,,,,,,,,,,,,,,,,,,,,,,,,,,,,,,,,,,,,,,,,,,,,,,,,,,,,,,,,,,,,,,,,,15.78585047,,,,,,,,,,,,,,,,,,,,,,,,,,,,,,,,,,,,,,,,,,,,,,17.60019875
Nigeria,Africa,,,,,,,,,,,,,,,,,,,,,,,,,,,,,,,,,,,,,,,,,,,,,,,,,,,,,,,,,,,,,,,,,,,,,,,,,,,,,,,,,,,,,,,,,,,,,,,,,,,,,,,,,,,,,,,,,,,,20.90817261
Norway,Europe,,,,,,,,,27,,,,,,,,,28,,,,,,,,,,,,,,,,,,,,,,,,,,,,,,,,,,,,,,,26.59,,,,,,,,,,,,,,23.67,,,,,,,,,,22.77,,,,,,,,,,23.52,,,,,,,,,,26.25,,,,,,,,,,,,,,,31.6225338
Oman,Asia,,,,,,,,,,,,,,,,,,,,,,,,,,,,,,,,,,,,,,,,,,,,,,,,,,,,,,,,,,,,,,,,,,,,,,,,,,,,,,,,,,,,,,,,,,,,,,,,,,,,,,,,,,,,,,,,,,,,21.67170334
Pakistan,Asia,,,,,,,,,,,,,,,16.5,,,,,,,,,,,,,,,,,,,,,,,,,,,,,,,17,,,,,,,,,,,,,,,,,,,,,,,,,18.4,,,,,,,,,,,,19.70558376,,,,,,,,20.3,,,,,,,,,,,,,,,,,,,,,,,,,22.12841225
Panama,America,,,,,,,,,,,,,,,,,,,,,,,,,,,,,,,,,,,,,,,,,,,,,,,,,,,,,,,,,,,,,,,,,,,,,,,,,,,,,,,,,20.43376461,,,,,,,,,,,,,,,,,,,,,,,,,,,,,,,,,,,21.91863823
Papua New Guinea,Oceania,,,,,,,,,,,,,,,,,,,,,,,,,,,,,,,,,,,,,,,,,,,,,,,,,,,,,,,,,,,,,,,,,,,,,,,,,,,,,,,,,20.61758372,,,,,,,,,,20.61758372,,,,,,,,,,,,,,,,20.80160321,,,,,,,,,20.80160321
Paraguay,America,,,,,,,,,,,,,,,,,,,,,,,,,,,,,,,,,,,,,,,,,,,,,,,,,,,,,,,,,,,,,,,,,,,,,,,,,,,,,,,,,,,21.66936623,,,,,,,,,,,,,,,,,,,,,,,,,,,,,,,,,22.6956501
Peru,America,,,,,,,,,,,,,,,,,,,,,,,,,,,,,,,,,,,,,,,,,,,,,,,,,,,,,,,,,,,,,,,,,,,,,,,,,,,,,,,,,,,21.80691686,,,,,,,,,,,,,,,,,,,,,,,,,,,,,,,,,23.56531143
Philippines,Asia,,,,,,,,,,,,,,,,,,,,,,,,,,,,,,,,,,,20.9,,,,,,,,,,,,,,,21.9,,,,,,,,,22.1,,,,,,,,,,,,22.3,,,,,,,,,,22.82489747,,,,,23.2,,,,,22.4,,,,,,,,,,,,,,,,,,,,,,,,,23.18324852
Poland,Europe,,,,,,,,,,,,,,,,,,,,,,,,,,,,,,,,,,,,,,,,,,,,,,,,,,,,,,,,,,,,,24.23,,,,,,,,,,,,,,,23.43,,,,,22.89,,,,,,,,,,,,,,,,,,,22.7,,,,,,,,,,,,,,,,25.29973412
Portugal,Europe,,,,,,,,,,,,,,,,,,,,,,,,,,,,,,,,,,,,,,,,,,,,,,,,,,,,,,,,,,,,,,,,,,,,,,,,,,,,,,,,,23.24789992,,,,,,,,,,,,,,,,,,,,,23.93018661,,,,,,,,,,,,,,23.93018661
Puerto Rico,America,,,,,,,,,,,,,,,,,,,,,,,,,,,,,,,,,,,,,,,,,,,,,,,,,,,,,,,,,,,,,,,,,,,,,,,,,,,,,,,,,22.13675874,,,,,,,,,,,,,,,,,,,,,,,,,,22.58510419,,,,,,,,,22.58510419
Qatar,Asia,,,,,,,,,,,,,,,,,,,,,,,,,,,,,,,,,,,,,,,,,,,,,,,,,,,,,,,,,,,,,,,,,,,,,,,,,,,,,,,,,,,,,,,,,,,,,21.43881208,,,,,,,,,,,,,,,,,,,,,,,25.78560257
Reunion,Europe,,,,,,,,,,,,,,,,,,,,,,,,,,,,,,,,,,,,,,,,,,,,,,,,,,,,,,,,,,,,,,,,,,,,,,,,,,,,,,,,,,,,,22.46587748,,,,,,,,,,,,,,,,,,,,,,,,,,,,,,,30.50815582
Romania,Europe,,,,,,,,,,,,,,,,,,,,,,,,,,,,,,,,,,,,,,,,,,,,,,,,,,,,,,,,,,,,,,,,,,,,22.56,,,,,,,,,,,,,21.81,,,,,,22.3,,,,,,,,22.25,,,,,,,,,,,,,,,,,,,,,25.30126953
Russia,Asia,,,,17.5,,,,,,,,,,,,,,,,,,,,,,,,,,,,20.4,,,,,,,,,,,,,,,,,,,,,,,,,,,,,,,,,,,,,,,,,,,,,,,,,,,,,,,,,,,,,,,,,,,,,,,,,,,,,,,,,,,,23.58974075
Rwanda,Africa,,,,,,,,,,,,,,,,,,,,,,,,,,,,,,,,,,,,,,,,,,,,,,,,,,,,,,,,,,,,,,,,,,,,,,,,,,,,,,,,,20.10466015,,,,,,,,,,,,,,,,,,,,,,,,,,,,,,,,,,,22.57836342
Saint Lucia,America,,,,,,,,,,,,,,,,,,,,,,,,,,,,,,,,,,,,,,,,,,,,,,,,,,,,,,,,,,,,,,,,,,,,,,,,,,,,,,,,,28.67974918,,,,,,,,,,,,,,,,,,,,,33.65538976,,,,,,,,,,,,,,32.26
Saint Vincent and the Grenadines,America,,,,,,,,,,,,,,,,,,,,,,,,,,,,,,,,,,,,,,,,,,,,,,,,,,,,,,,,,,,,,,,,,,,,,,,,,,,,,,,,,28.36262394,,,,,,,,,,,,,,,,,,,,,30.92765027,,,,,,,,,,,,,,30.92765027
Samoa,Oceania,,,,,,,,,,,,,,,,,,,,,,,,,,,,,,,,,,,,,,,,,,,,,,,,,,,,,,,,,,,,,,,,,,,,,,,,,,,,,,,,,,21.98644511,,,,,,,,,,,,,,,,,,,,,,,,,,,,,,,,,,23.94953156
Sao Tome and Principe,Africa,,,,,,,,,,,,,,,,,,,,,,,,,,,,,,,,,,,,,,,,,,,,,,,,,,,,,,,,,,,,,,,,,,,,,,,,,,,,,,,,,,,,,,,,,,,,15.5571125,,,,,,,,,,,,,,,,,,,,,,,,17.75861931
Saudi Arabia,Asia,,,,,,,,,,,,,,,,,,,,,,,,,,,,,,,,,,,,,,,,,,,,,,,,,,,,,,,,,,,,,,,,,,,,,,,,,,,,,,,,,,,,,,,,,,,,,,,,,,,,,,,,,,,,,,,,,,,,25.83797646
Senegal,Africa,,,,,,,,,,,,,,,,,,,,,,,,,,,,,,,,,,,,,,,,,,,,,,,,,,,,,,,,,,,,,,,,,,,,,,,,,,,,,,,,,18.66795129,,,,,,,,,,,,,,,,,,,,,,,,,,,,,,,,,,,21.53653717
Serbia,Europe,,,,,,,,,,,,,,,,,,,,,,,,,,,,,,,,,,,,,,,,,,,,,,,,,,,,,,,,,,,,,,,,,,,,,,,,,,,,,,,,,,,,,,,,,,,,,,,,,,,,,,,,,,,,,,,,,,,,25.93799019
Sierra Leone,Africa,,,,,,,,,,,,,,,,,,,,,,,,,,,,,,,,,,,,,,,,,,,,,,,,,,,,,,,,,,,,,,,,,,,,,,,,,,,,,,,,,,,,,,,,,,,,,,,,,,,,,,,,,,,,,,,,,,,,19.75572205
Singapore,Asia,,,,,,,,,,,,,,,,,,,,,,,,,,,,,,,,,,,,,,,,,,,,,,19.4,,,,,,,,,,20.8,,,,,,,,,,,,,,,,,,,,23.6,,,,,24.24816987,,,,,,,,,,,,,,,,,,,,27.1,,,,,,,,,,,,,,,26.5067749
Slovak Republic,Europe,,,,,,,,,,,,,,,,,,,,,,,,,,,,,,,,,,,,,,,,,,,,,,,,,,,,,,,,24.38,,,,,,,,,,,,,,,21.98,,,,,,,,,,21.72,,,,,,,,,,,,,,,,,,,21.79,,,,,,,,,,,,,,,,26.3646183
Slovenia,Europe,,,,,,,,,,,,,,,,,,,,,,,,,,,,,,,,,,,,,,,,,,,,,,,,,,,,,,,,,,,,,,,,,,,,,,,,,,,,,,,,,,,,,,,,,,,,,,,,,,,,,,,,,,,,,,,,,,,,30.29513741
Solomon Islands,Oceania,,,,,,,,,,,,,,,,,,,,,,,,,,,,,,,,,,,,,,,,,,,,,,,,,,,,,,,,,,,,,,,,,,,,,,,,,,,,,,,,,22.30802051,,,,,,,,,,,,,,,,,,,,,,,,,,,,,,,,,,,21.22816467
South Africa,Africa,,,,,,,,,,,,,,,,,,,,,,,,,,,,,,,,,,,,,,,,,,,,,,,,,,,,,,,,,,,,,,,,,,,,,,,,,,,,,,,,,,,,,,,,,,,25.74856722,,,,,,,,,,,,,,,,,,,,,,,,,27.90380096
Spain,Europe,,,,,,,,,,,,,,,,,,,,,,,,,,,,,24.19,,,,24.47,,,,,,25.06,,,25.76,,,,25.83,,,,,26.65,,,,,,,,,,26.43,,,,,,,,,,,,,,,,,,,,,24.52,,,,,,,,23.4,,,,,,,,24.6,,,,,,,,,,,,,,,,,,29.30578423
Sri Lanka,Asia,,,,,,,,,,,,,16.9,,,,,,,,,,,16.9,,,,,,,,,,18.3,,,,,,20.8,,,21.4,,,,,,,,,,,,,,20.7,,,,,,,20.9,,,,,,,,,,22.1,,,,,,,,23.49607483,,,,25.1,,,,,,,,,24.7,,,,,,,,,,,,,,,,,,,,,25.26371193
Sudan,Africa,,,,,,,,,,,,,,,,,,,,,,,,,,,,,,,,,,,,,,,,,,,,,,,,,,,,,,,,,,,,,,,,,,,,,,,,,,,,,,,,,,,,18.70731762,,,,,,,,,,,,,,,,,,,,,,,,,,,,,,,,22.66632843
Suriname,America,,,,,,,,,,,,,,,,,,,,,,,,,,,,,,,,,,,,,,,,,,,,,,,,,,,,,,,,,,,,,,,,,,,,,,,,,,,18.61803757,,,,,,18.61803757,,,,,,,,,,,,,,,,,,,,,,,,,,,,,,,,,,,
Swaziland,Africa,,,,,,,,,,,,,,,,,,,,,,,,,,,,,,,,,,,,,,,,,,,,,,,,,,,,,,,,,,,,,,,,,,,,,,,21.2,,,,,,,,,23.9,24.3,24.7,24.6,24.9,24.6,24.6,24.7,24.7,25.4,24.7,,,,,,,,,,,,,,,,,,,,,,,,,,25.95965004
Sweden,Europe,,,,,,,,,26,,,,,,,,,,,,,,,27.1,,,27.1,,,26.8,,,26.8,,,,,,26.4,,,26.5,,,,26.5,,,,,26.5,,,,,,,,25.9,,,,,,,,,,,,25,,,,,,,,,,23.7,,,,,,,,,,25.2,,,,,,,,,,27.7,,,,,,,,,,,,,,,32.40498352
Switzerland,Europe,,,,,,,,,,,,,,,,,,,,,,,,,,,,,,,,,,,,,,,,,,,,,,,,,,,,,,,,,26.26,,25.94,,25.59,,,,,,,,,,,,,,,,,,,,22.87,,,,,,,,,,23.14,,,,,,,,,,25.87,,,,,,,,,,,,,,,29.11519051
Syria,Asia,,,,,,,,,,,,,,,,,,,,,,,,,,,,,,,,,,,,,,,,,,,,,,,,,,,,,,,,,,,,,,,,,,,,,,,,,,,,,,,,,20.66866142,,,,,,,,,,,,,,,,,,,,,,,,,,,,,,,,,,,
Taiwan,Asia,,,,,,,,,,,,,,,,,,,,,,,,,,,,,,,,,,,,18.1,,,,,19.1,19.2,,19.2,,19.4,,19.7,,,19.6,,,,,,,,,,,,,,,21.1,,,,,,,,,,21.8,,,,,,,,,,23.3,,,,,23.8,,,,,,,,,,25.9,,,,,,,,,,,,,,,27.8
Tajikistan,Asia,,,,,,,,,,,,,,,,,,,,,,,,,,,,,,,,,,,,,,,,,,,,,,,,,,,,,,,,,,,,,,,,,,,,,,,,,,,,,,,,,,,,,,,,,,,,,,,,,,,,,,,,,,,,,,,,,,,,20.9141407
Tanzania,Africa,,,,,,,,,,,,,,,,,,,,,,,,,,,,,,,,,,,,,,,,,,,,,,,,,,,,,,,,,,,,,,,,,,,,,,,,,,,,,,,,,,,,,,,,,19.12857542,,,,,,,,,,,,,,,,,,,,,,,,,,,19.96926498
Thailand,Asia,,,,,,,,,,,,,,,,,,,,,,,,,,,,,,,,,,,,,,,,,,,,,,,,,,,,,,,,21.1,,,,,,,,,,22.1,,,,,21.6,,,,,,,,,,21.96699172,,,,,,,,,,22.8,,,,,,,,,,,,,,,,,,,,,,,,,24.05609512
Togo,Africa,,,,,,,,,,,,,,,,,,,,,,,,,,,,,,,,,,,,,,,,,,,,,,,,,,,,,,,,,,,,,,,,,,,,,,,,,,,,,,,,,,,,,,,,,,,,,,,,,,,,,,,,,,,,,,,,,,,,21.34904671
Tonga,Oceania,,,,,,,,,,,,,,,,,,,,,,,,,,,,,,,,,,,,,,,,,,,,,,,,,,,,,,,,,,,,,,,,,,,,,,,,,,,,,,,,,,,,,,,24.30859749,,,,,,,,,,,,,,,,,,,,,,,,,,,,,25.50241661
Trinidad and Tobago,America,,,,,,,,,,,,,,,,,,,,,,,,,,,,,,,,,,,,,,,,,,,,,,,,,,,,,,,,,,,,,,,,,,,,,,,,,,,,,,,,,24.00755415,,,,,,,,,,,,,,,,,,,,,,,,,,,,,,,,,,,26.78060722
Tunisia,Africa,,,,,,,,,,,,,,,,,,,,,,,,,,,,,,,,,,,,,,,,,,,,,,,,,,,,,,,,,,,,,,,,,,,19.5,,,,,,,,,,20.8,,,,,,,,,22.7,,,,,,,,,24.3,,,,,25.2,,,,,26.3,,,,,,,29.2,,,,29.2
Turkey,Asia,,,,,,,,,,,,,,,,,,,,,,,,,,,,,,,,,,,,,,,,,,,,,,,,,,,,,,,,,,,,,,,,,,,,,,,,,,,,,,,,,,,,,,20.1,,,,,,,,,,,,,,,,,,,,,,,,,,,,,,23.04790878
Turkmenistan,Asia,,,,,,,,,,,,,,,,,,,,,,,,,,,,,,,,,,,,,,,,,,,,,,,,,,,,,,,,,,,,,,,,,,,,,,,,,,,,,,,,,,,,,,,,,,,,,,,,,,,,,,,,,,,,,,,,,,,,23.36683464
Uganda,Africa,,,,,,,,,,,,,,,,,,,,,,,,,,,,,,,,,,,,,,,,,,,,,,,,,,,,,,,,,,,,,,,,,,,,,,,,,,,,,,,,17.7,,,,,,,,,,,,,,,,,,,,,,,,,,,,,,,,,,,,20.2470417
Ukraine,Europe,,,,,,,,,,,,,,,,,,,,,,,,,,,,,,,,20.8,,,,,,,,,,,,,,,,,,,,,,,,,,,,,,,,,,,,,,,,,,,,,,,,,,,,,,,,,,21.44597458,,,,,,,,,,,,,,,,,,,,,,,,,,22.81653786
United Arab Emirates,Asia,,,,,,,,,,,,,,,,,,,,,,,,,,,,,,,,,,,,,,,,,,,,,,,,,,,,,,,,,,,,,,,,,,,,,,,,,,,,,,,,,,,,,,18,,,,,,,,,,,,,,,,,,,,,,,,,,,,,,23.08673668
United Kingdom,Europe,25.6,26.6,,,25.3,,,23.5,,,,22.6,,,,,,24.3,,,,,24.6,,,,,,,,,,,,,,,,,,,,,25.64,,26.12,,25.67,,,25.09,,,,,24.08,,,24.17,24,23.93,23.78,23.7,,,,,,22.76,,,,,,,,,,22.17,,,22.35,,,,,,,,,22.98,,,,,,,,,24.79,,,,,,,,,,,,,,,,29.75162125
United States,America,,,,,,,,,,23,,,,,,,,,,,22.8,,,,,,,,,22,,,21.9,,,,,,21.6,,,21.2,,,,21.3,,,,,21.5,,,,,,,,,,20.3,,,,,,,,,,20.3,,,,,,,,,,20.8,,,,,,,,,,22,,,,,,,,,,23.9,24.1,24.4,24.5,24.5,24.5,24.8,25,25,25.1,25.1,25.1,25.3,25.3,25.3,25.3
Uruguay,America,,,,,,,,,,,,,,,,,,,,,,,,,,,,,,,,,,,,,,,,,,,,,,,,,,,,,,,,,,,,,,,,,,,,,,,,,,,,,,,,,,,,,,22.48208873,,,,,,,,,,,,,,,,,,,,,,,,,,,,,,23.30049324
Uzbekistan,Asia,,,,,,,,,,,,,,,,,,,,,,,,,,,,,,,,,,,,,,,,,,,,,,,,,,,,,,,,,,,,,,,,,,,,,,,,,,,,,,,,,,,,,,,,,,,,,,,,,,,,,,,,,,,,,,,,,,,,20.58316231
Vanuatu,Oceania,,,,,,,,,,,,,,,,,,,,,,,,,,,,,,,,,,,,,,,,,,,,,,,,,,,,,,,,,,,,,,,,,,,,,,,,,,,,,,,,,,,,,,,,,,22.03844599,,,,,,,,,,,,,,,,,,,,,,,,,,22.6080265
Venezuela,America,,,,,,,,,,,,,,,,,,,,,,,,,,,,,,,,,,,,,,,,,,,,,,,,,,,,,,,,,,,,,,,,,,,,,,,,,,,,,,,,,,20.1489576,,,,,,,,,,,,,,,,,,,,,,,,,,,,,,,,,,22.74840355
West Bank and Gaza,Asia,,,,,,,,,,,,,,,,,,,,,,,,,,,,,,,,,,,,,,,,,,,,,,,,,,,,,,,,,,,,,,,,,,,,,,,,,,,,,,21.92727053,,,,,,,,,,,,,,,,,,,,,,,,,,,,,,,,,,,,,,22.86449242
Western Sahara,Africa,,,,,,,,,,,,,,,,,,,,,,,,,,,,,,,,,,,,,,,,,,,,,,,,,,,,,,,,,,,,,,,,,,,,,,,,,,,,,,,,,17.97496218,,,,,,,,,,,,,,,,,,,,,,,,,,,,,,,,,,,
VietNam,Asia,,,,,,,,,,,,,,,,,,,,,,,,,,,,,,,,,,,,,,,,,,,,,,,,,,,,,,,,,,,,,,,,,,,,,,,,,,,,,,,,,,,,,,,,,,,,,,,,,,,,,,,,,,,,,,,,,,,,23.21391106
Virgin Islands (U.S.),America,,,,,,,,,,,,,,,,,,,,,,,,,,,,,,,,,,,,,,,,,,,,,,,,,,,,,,,,,,,,,,,,,,,,,,,20.82814864,,,,,,,,,,,,,,,,,,,,,,,,,,,,,,,,,,,,,,,,,,,,,29.9101162
"Yemen, Rep.",Asia,,,,,,,,,,,,,,,,,,,,,,,,,,,,,,,,,,,,,,,,,,,,,,,,,,,,,,,,,,,,,,,,,,,,16.7,,,,,,,,,,,,,,,,,,,,,,16.9,,,,,,,,,,,,,,,,,,20.67036629,,,,,,,,21.67
Zambia,Africa,,,,,,,,,,,,,,,,,,,,,,,,,,,,,,,,,,,,,,,,,,,,,,,,,,,,,,,,,,,,,,,,,,,,,,,,,,,,,,,,18.23448365,,,,,,,,,,,,,,,,,,,,,,,,,,,,,,,,,,,,20.53106117
Zimbabwe,Africa,,,,,,,,,,,,,,,,,,,,,,,,,,,,,,,,,,,,,,,,,,,,,,,,,,,,,,,,,,,,,,,,,,,,,,,,,,,,,,,,,,,,,,,,,,,,,20.30170141,,,,,,,,,,,,,,,,,,,,,,,21.03118896
